timestamp,time_taken_seconds,tokens_used
2024-10-26 12:32:17.549696,7.719514,9055
2024-10-26 12:34:42.515609,6.023824,7020
2024-10-27 18:32:47.940498,3.572838,8025
2024-11-04 13:26:53.561379,10.89106,7923
2024-11-04 13:27:20.958622,8.757954,7875
2024-11-04 13:29:09.731629,11.131014,7898
2024-11-04 13:44:34.677546,6.684664,8126
2024-11-04 14:19:42.562568,7.556445,8071
2024-11-04 14:19:53.464334,8.663336,8091
2024-11-04 14:20:16.150942,9.298936,10844
2024-11-04 14:20:35.018069,7.926085,10799
2024-11-04 14:20:47.728640,8.302862,10818
2024-11-05T11:37:03.191285,9.842263,8150
2024-11-05T11:41:05.748924,5.39427,1064
